,Income_log,Limit_log,Rating_log,Student_Yes,Cards,Credit
336,0.03477696528192372,0.6094880967476306,0.6550319757109725,0,0.7611935471494735,926
64,0.06645076293823579,-0.7339371969558139,-0.8435156447473269,0,-0.6991298046960392,0
55,0.03206854028555288,-1.4921814001038554,-1.5570707466052696,0,-0.6991298046960392,0
106,1.0996843732231425,-1.8694559135459006,-2.071940562829476,0,-0.6991298046960392,0
300,0.6709535220458455,0.10464513007441348,0.15919358753161503,0,-1.4292914806187955,580
229,-1.0053090688925375,1.1906533487657927,1.2108484819809737,0,0.03103187122671713,1058
122,-0.8624628127835304,1.026031467952676,0.8852176104040158,0,-1.4292914806187955,904
373,-0.7015377072366785,0.4045745732915498,0.335138723081903,1,-0.6991298046960392,1003
395,1.6794681319693237,-0.1349500238710917,-0.16764638115366173,0,0.03103187122671713,560
325,1.0071330615883334,0.29052141670393256,0.21682107292236402,0,-1.4292914806187955,732
380,-1.6090603681167484,1.2563783649517806,1.1681994684633248,0,0.03103187122671713,661
253,-1.2549253941729217,0.33545490317271043,0.4492376727091346,0,2.2215168989949863,218
56,-0.7414895929757007,0.15208055277108712,0.26717693971786555,0,2.951678574917743,379
8,1.282192084051388,-0.5336303827474395,-0.4779095070172686,0,1.4913552230722298,279
190,-0.696101912398582,0.40377862130723724,0.3473415371147042,0,0.7611935471494735,538
146,1.076019456477893,0.3061098279233787,0.2609260420409011,0,0.03103187122671713,805
135,-0.40120999040738453,-0.4289229392021607,-0.5506456388255389,0,0.03103187122671713,8
390,-1.7904887253182402,2.069833927764578,2.0482649060889666,0,0.03103187122671713,1393
264,0.2761824547881363,0.3048817140918279,0.3167468073491507,0,-1.4292914806187955,651
364,-1.7357083934235242,1.8664960163166546,1.80834121974939,0,0.03103187122671713,1243
250,1.9650952194419384,-1.04054610022355,-1.1507174551441242,0,-0.6991298046960392,0
63,1.4010140104392046,-0.6992711292796799,-0.6001779693639633,0,0.7611935471494735,133
312,0.2857495592414671,0.35367072131878624,0.35342556297482636,0,2.2215168989949863,823
159,-0.6499176845069727,-0.6981417800955989,-0.7366388669988786,0,0.03103187122671713,0
283,-0.5608582151328433,0.7971070522497373,0.9058536252631627,0,0.03103187122671713,890
340,0.2874615955579163,-0.2750044716975864,-0.21107757989636244,0,0.7611935471494735,320
81,-0.6539743527195754,-0.059641656058803304,-0.09662100053485957,0,-1.4292914806187955,99
349,-0.5233654472739124,0.32040576578123486,0.3716087370447343,0,0.03103187122671713,503
153,-1.346412786070225,0.09594765642454697,0.08729012060639764,0,0.03103187122671713,0
295,0.31663980997839153,-1.822180620499003,-1.6173093458479253,0,1.4913552230722298,0
96,1.3787436224948073,0.4156990999738965,0.23579850735634328,1,-1.4292914806187955,1380
89,-0.7965746343132899,1.178676475799535,1.1919572253431447,0,0.03103187122671713,1176
296,-0.9289246536098118,0.318367091952048,0.2546628079677203,0,-1.4292914806187955,293
21,-0.1530367558295349,0.7906681123781735,0.7640594921407765,0,-1.4292914806187955,968
365,-1.5954524060960737,0.8135125655623677,0.9263655228035896,1,0.7611935471494735,790
216,1.242418299852015,-0.8358696813502481,-0.9171268198135084,0,0.03103187122671713,52
259,-0.0008988160329284231,0.7249377139556075,0.7208746554776698,0,2.2215168989949863,1092
49,-0.36957436138201166,0.07717065682349128,0.152724810230156,1,0.7611935471494735,902
238,0.35917515830878727,-0.7494200202802204,-0.7279142101849518,0,2.2215168989949863,52
343,1.8991605885721756,-0.3049739603856418,-0.3682624022599582,0,-0.6991298046960392,410
92,0.1346300021770787,-0.7946414913447744,-0.6168811301204636,0,0.7611935471494735,0
223,0.3031418571955438,0.09638307041223515,0.08729012060639764,0,1.4913552230722298,573
234,-1.0000691895047913,1.4075023031193086,1.3584535844477872,0,0.03103187122671713,1329
232,1.213101719479707,0.1717201026154802,0.19133903687456044,0,-1.4292914806187955,689
377,0.2682643336036872,-1.6679973272111754,-1.7041789538010848,0,0.03103187122671713,0
142,-1.4896445225431343,1.1454737022611234,1.22025623873758,0,0.03103187122671713,669
22,0.801762790976897,-0.9147546647891397,-0.9358419121355066,0,0.03103187122671713,0
252,-1.0586142489891577,1.5161668274877522,1.5433886709753042,0,0.03103187122671713,1355
350,0.17094868524250442,-1.6730170797267558,-1.5451952481991922,0,0.7611935471494735,0
168,0.30549375167881143,-0.8016651233481278,-0.8800753557523979,0,-1.4292914806187955,0
150,-0.8897726244787275,0.5503740895151308,0.6383655020289265,0,0.03103187122671713,581
393,1.0503020801504936,-1.8712961876181076,-1.755233735875525,0,-0.6991298046960392,0
66,-1.596030458756667,1.833274663449385,1.8441291256841896,0,0.7611935471494735,1388
240,0.1860100205184497,-0.5065738945463841,-0.5100108519606872,0,1.4913552230722298,148
218,1.9180163364042442,-1.6021479921788444,-1.6173093458479253,1,-0.6991298046960392,195
101,0.987297378792969,-1.0386233111872694,-1.160906022310466,1,0.03103187122671713,431
311,0.5581511820149061,0.43429411596297823,0.41364069864512015,0,0.03103187122671713,844
194,0.15074665814027755,-1.247534031889497,-1.254416031702416,0,-0.6991298046960392,0
326,-1.7073849735504376,1.977111977247937,1.9494950995723241,0,0.03103187122671713,1361
17,-0.11957409802503285,-0.007550568770762882,0.054049794838386914,0,0.03103187122671713,368
164,-1.1230266692511304,0.6442798535856376,0.6047786737294988,0,0.7611935471494735,548
186,-0.11861791629952038,-0.2754934278194057,-0.15330734362472245,0,-0.6991298046960392,188
30,-0.022007505487270186,0.5266102234841261,0.5135019637099241,0,0.7611935471494735,863
114,1.1341784920650682,-0.5198055729971448,-0.4619910952124117,0,0.7611935471494735,271
263,0.18499011159586043,-0.4104624149808629,-0.44615934098581045,0,-0.6991298046960392,133
103,-1.877522168509033,1.7874684586294398,1.796335505241835,0,2.2215168989949863,1050
358,0.1654660498217314,-0.026478270565914935,0.054049794838386914,0,-1.4292914806187955,347
245,-0.03774217936471001,-1.3318352112775382,-1.1711338891926084,0,1.4913552230722298,0
235,1.939951839542706,-0.741954548141901,-0.762976838710818,0,0.03103187122671713,191
116,-0.06587178508218182,-1.2496236627501602,-1.2020569218178285,0,0.03103187122671713,0
330,0.7773411923091279,0.06576530979586147,-0.01352197310814135,1,-0.6991298046960392,1054
120,0.3183937113559497,-1.8105294260891949,-1.8877843255889188,0,-0.6991298046960392,0
289,1.8789893125855983,-0.22649513402810645,-0.2477566236875266,0,-0.6991298046960392,485
112,-0.4483992646193424,0.8822833351076406,0.9365754768242174,0,0.7611935471494735,1046
215,-0.2875972075621715,-0.07520470579208922,0.040653221918410316,0,0.03103187122671713,246
136,-0.6833385516248759,-0.12747865977752945,-0.11775441123324835,0,-0.6991298046960392,75
275,-1.9978222812943796,1.5545434344479974,1.6072179744541326,0,0.03103187122671713,529
126,0.3653260925848968,0.4750978086799829,0.6272077550745455,1,1.4913552230722298,1404
198,0.3122937008140681,-1.3325562823575416,-1.3845410883348668,0,0.7611935471494735,0
299,0.457048480970372,0.2818764980859608,0.26717693971786555,0,0.03103187122671713,711
281,-0.10539316530595619,-1.4417747714028977,-1.2333469590723853,0,0.03103187122671713,0
133,0.6956986796933529,0.5887558565466547,0.5935067276334375,0,0.7611935471494735,1018
33,0.10396210404846534,-1.4592157034578592,-1.4635983123527945,0,0.7611935471494735,0
378,0.8647128619026802,0.23623516051028978,0.22948534552540462,0,-1.4292914806187955,717
162,-0.8872942137955528,1.182564759218036,1.0567849621110386,0,-1.4292914806187955,1086
34,0.79793319144411,-0.905603510979592,-1.0705820738382852,0,-0.6991298046960392,0
231,0.44419286555657217,0.16660776572701078,0.3044264446458392,0,0.7611935471494735,657
97,0.3866403121151476,-0.48709995222596925,-0.4779095070172686,0,0.7611935471494735,155
85,-1.9222881408967885,2.4468108501781534,2.3406804287496343,0,0.7611935471494735,1779
61,0.7121718843710805,-0.6483389142270446,-0.5753048202224871,0,0.03103187122671713,108
167,0.20151179105559855,-1.1074513162491353,-1.286341270147601,0,-1.4292914806187955,0
282,-0.8816866677173143,1.3631129664998924,1.36747879662092,0,-0.6991298046960392,1298
200,0.5196514006242446,0.4001946128983012,0.335138723081903,0,-0.6991298046960392,829
391,-1.0652076830718886,0.8535150349443064,0.8383234209697384,0,-0.6991298046960392,721
230,0.01870412458661214,0.31714331279377894,0.35949807065391776,0,0.03103187122671713,661
287,-0.8167064265254173,-0.6433511625672753,-0.4304131358844003,0,0.7611935471494735,0
108,-1.5348922329696948,0.6650722599409348,0.7154371625580622,0,0.7611935471494735,227
46,0.8492510804689893,0.27857748754367057,0.29205830745443756,1,-0.6991298046960392,1241
320,1.1553688841396157,-2.03925787034379,-1.915197035593432,1,0.03103187122671713,5
396,1.5000208475631982,-0.2598851355535523,-0.2477566236875266,0,1.4913552230722298,480
224,-1.6727538080844022,1.274783031419227,1.3809741012813745,0,0.7611935471494735,701
73,0.5170099383711031,0.056965117066002754,0.04735875621895443,0,0.7611935471494735,601
137,-0.11394566796258651,-0.3713548993748833,-0.38367706025091936,0,0.7611935471494735,187
381,-1.4655308062039407,1.3410510559401927,1.335790362198675,0,-0.6991298046960392,849
220,-0.41289362998473744,0.5644818149319037,0.6494857879133521,1,0.03103187122671713,1246
210,0.48096152981019835,-0.5841686342269822,-0.667586726194911,0,-0.6991298046960392,95
29,0.3428570770691364,0.5053975928914208,0.5019114657785845,0,0.7611935471494735,915
181,-0.4512592610752188,0.3346430982570931,0.3290198300979627,0,0.03103187122671713,516
360,-0.6561352545014407,0.6121183379057561,0.6327913298534469,0,0.7611935471494735,712
271,-0.41695834221609124,0.20476321807183137,0.1070650111941927,0,-1.4292914806187955,436
51,-0.24102271214600995,-0.19679494609710224,-0.21107757989636244,0,-0.6991298046960392,211
328,-0.2933609684575141,-0.3412290494891215,-0.24038475770966267,0,0.03103187122671713,121
352,-1.4962979498327103,1.0542246119002823,1.017179208993983,0,-0.6991298046960392,583
27,0.0376272216891077,0.061808124151909616,0.01368462760369069,0,-0.6991298046960392,467
2,-1.4975334213390563,1.0324261510534258,1.0518589626630783,0,0.7611935471494735,580
217,1.6262995302255228,0.42085217998665647,0.38968962568892923,0,0.03103187122671713,955
156,0.08292542888969477,-0.050066599339861226,0.04735875621895443,0,1.4913552230722298,429
212,-0.22069777198471185,-0.01970571987528983,-0.05478919192620542,0,-0.6991298046960392,308
376,-1.2859483576791886,1.0632441273130222,1.0567849621110386,0,-0.6991298046960392,767
221,-1.4268202387908548,1.5628279428277825,1.5945408924330027,0,1.4913552230722298,1230
138,0.7018241257701354,-1.2804792637334912,-1.3186625442700877,0,-0.6991298046960392,0
236,-0.3385153172863147,0.25498004172673905,0.2483871797113964,0,-0.6991298046960392,489
219,-0.21368539551697568,0.35165142975035824,0.2546628079677203,0,0.7611935471494735,653
274,0.14362385145844322,0.6038454961179076,0.6605689090864962,0,1.4913552230722298,967
278,-1.730189178237417,1.0010262522943696,1.0715211051373146,0,-0.6991298046960392,250
307,-1.1003818045319125,-0.2424194517396353,-0.23303102509366067,0,0.03103187122671713,0
239,0.2787596086428943,-0.3997461453541205,-0.5019520887617027,0,-1.4292914806187955,163
35,0.5598537807558788,-0.9597462133777944,-0.8708899317726756,1,0.03103187122671713,419
204,-0.7469851158084893,0.38702196841587083,0.38968962568892923,0,-0.6991298046960392,456
392,0.39220407841346894,-1.119987292380906,-1.1003518443245286,0,-0.6991298046960392,0
67,1.8226506895290913,0.3016046126053664,0.3167468073491507,0,0.7611935471494735,889
24,1.8979463372848764,-1.5146855447707934,-1.5333756599653556,0,0.03103187122671713,0
332,-0.8567456037595728,0.35407443964808655,0.29824837526513104,0,0.03103187122671713,380
44,0.0805785744948009,0.7895938893289898,0.8225467283363174,0,0.03103187122671713,1120
241,1.2284044172313866,-2.3129144318866572,-2.2559872354450063,0,-0.6991298046960392,0
129,0.9716109403921971,-0.44905169545537443,-0.375959627992999,0,0.03103187122671713,255
93,1.134489361163191,0.4366609408812291,0.36555911163643445,0,-0.6991298046960392,937
111,0.24501506870317372,-0.7213849934681632,-0.7718115095347927,0,-0.6991298046960392,0
166,-0.08708256794111603,-0.7667252407454802,-0.9264683736770464,0,-0.6991298046960392,0
389,-1.2335534628850495,1.0408244286261483,0.9972046985519641,0,-0.6991298046960392,806
383,1.3812014280983183,-0.5475211231659202,-0.35292807241867413,0,4.4120019267632555,382
342,1.344402229250452,-0.7236630103217306,-0.5261961187568647,0,1.4913552230722298,204
40,-0.05638537121114432,-0.5192751549625143,-0.5835718790719315,0,0.03103187122671713,50
18,-0.5510631162388107,0.7928156434974273,0.7099908042541115,0,-1.4292914806187955,891
284,1.3305565855709107,-1.2988983465583772,-1.4068805657995176,0,-0.6991298046960392,0
79,1.256118686462201,-1.260798672846137,-1.3623941604864762,0,-0.6991298046960392,0
249,0.6138199174868514,-1.6814092906626157,-1.807382736939839,1,0.03103187122671713,98
394,-0.557218935603207,0.5618169882943631,0.49610074017472494,0,0.7611935471494735,734
71,-0.7798883984001256,1.1408949832343687,1.1681994684633248,0,-0.6991298046960392,1103
13,-0.37610539472750765,0.9806340176498647,1.0370387790383833,0,-1.4292914806187955,1081
367,0.5300040400229971,-0.370345857281327,-0.5019520887617027,0,-0.6991298046960392,216
213,-0.23079476238454735,0.36093052880100857,0.335138723081903,0,-0.6991298046960392,637
385,0.3669125137049124,0.516598004142878,0.4255499252226691,0,0.03103187122671713,905
388,-0.17339286574478516,0.9481268484500383,0.8903883474579743,0,-0.6991298046960392,1129
228,-0.99104430084115,0.12024361586852018,0.06738868027183353,0,-0.6991298046960392,156
160,1.6582715763853295,0.20434162019277552,0.3228892093032251,0,1.4913552230722298,836
104,1.2016494907541357,0.16319523062327101,0.223159554038034,0,0.7611935471494735,745
161,0.10463123845346846,-1.5556063438923857,-1.4866441862580442,0,0.03103187122671713,0
83,0.8753478040945305,-1.7830065663104575,-1.9709918945284548,0,0.03103187122671713,0
189,-0.7701928673283173,0.0072444124154937084,-0.03408613663320728,0,-0.6991298046960392,126
397,-0.7592907964251506,-0.101928777975113,-0.0686694953391021,0,1.4913552230722298,138
118,0.3298814607459286,-1.2191529311466782,-1.3404358993867966,0,0.03103187122671713,0
254,-0.12005190531366802,0.7935312163486751,0.8225467283363174,0,0.7611935471494735,1048
188,-1.2323976249479014,1.226693238491607,1.243666443327622,0,-0.6991298046960392,930
208,-0.5989485806090447,-0.030548593923756046,-0.07563338026861718,0,0.03103187122671713,230
375,0.7324881338656613,0.5293010789108163,0.5135019637099241,0,1.4913552230722298,1000
110,-0.03893437432954754,-0.5491281815069932,-0.608517332003109,0,0.03103187122671713,47
149,1.4893920777637195,-2.336338285721224,-1.9851492442716856,0,1.4913552230722298,0
157,-0.7216938941798116,0.47041345828152387,0.4727536377094642,1,-0.6991298046960392,1020
152,-0.3011506314263305,-1.247534031889497,-1.2228755309894457,1,0.7611935471494735,156
16,-0.6569382459838754,-0.32081360040803875,-0.32249648053877417,0,0.03103187122671713,0
269,-0.21739865009307385,0.48755949475558874,0.49610074017472494,0,0.7611935471494735,772
75,0.02752274262733469,-0.5983048919217361,-0.8344507588250134,0,-0.6991298046960392,29
109,1.4739837281694723,-0.5544914797498158,-0.375959627992999,0,1.4913552230722298,297
327,-0.5398756065870692,0.891011428436464,1.0221548159159615,0,0.03103187122671713,984
205,1.8891282789831023,-0.2404848798270186,-0.0686694953391021,0,3.6818402508404993,638
315,1.3583808717350243,-0.22649513402810645,-0.2477566236875266,0,0.03103187122671713,463
139,-1.533324733367802,2.0183753614633666,1.9763399282845826,0,0.03103187122671713,1597
237,-0.8195244973005728,0.32203584362842874,0.36555911163643445,0,1.4913552230722298,443
319,0.2987854891278139,-0.9423986490318983,-0.7895651206734416,0,1.4913552230722298,0
248,1.2157322761553215,-2.3140781659271634,-2.4217554580050242,1,-1.4292914806187955,0
308,1.3017404396611185,0.10811776946814368,0.006905484290733187,0,-0.6991298046960392,681
19,-0.32351045799059597,0.8784366846742461,0.8748525003759201,0,-0.6991298046960392,1048
226,-0.8042636431006701,0.975178075718669,1.11535823642246,0,2.2215168989949863,1032
306,-0.42134831383986454,-0.29708477152855783,-0.3149372730864235,0,0.03103187122671713,70
3,-1.8978614265032283,1.7773499175588492,1.7923250168417455,0,0.03103187122671713,964
276,0.576587150030464,-0.4412937368236387,-0.5506456388255389,0,-0.6991298046960392,209
125,0.29945473472415896,-0.9765831554733408,-1.1103491471260556,0,-1.4292914806187955,0
77,0.7354377570453146,-0.5582517002790891,-0.5835718790719315,0,-1.4292914806187955,145
184,-1.9681796030848644,2.3291855963744745,2.259858230589085,0,-1.4292914806187955,1448
301,0.10549208238207645,-0.41557890977201684,-0.299876466384028,0,0.03103187122671713,172
379,-0.6496399832637128,-0.7783226064832723,-0.9264683736770464,0,-1.4292914806187955,0
346,0.6884748110808275,0.4149056515606389,0.5537481927766177,0,1.4913552230722298,907
182,-0.7832057478298753,0.8056753070164833,0.7694187059650678,0,-0.6991298046960392,789
356,-0.03650617880417501,0.686116618310353,0.6771245462518491,0,0.03103187122671713,962
80,0.31116724878632335,-0.45527269314409974,-0.30739730687896044,0,0.03103187122671713,162
258,-0.30050060444336574,-0.9578820785392873,-0.9171268198135084,0,-0.6991298046960392,0
11,1.291412819430887,-1.893510547437096,-1.755233735875525,0,0.03103187122671713,0
298,0.746752352587206,-0.8898154292175241,-1.0216871765922035,0,-1.4292914806187955,0
86,-0.7004526745535955,0.7770386680576072,0.7099908042541115,0,-1.4292914806187955,815
266,-1.3025460230581176,0.24082673099402088,0.19133903687456044,0,0.7611935471494735,15
36,-0.8585224198063042,0.8188468886418533,0.7479303250530748,0,-0.6991298046960392,762
382,0.46304916917977285,0.4602428983790951,0.4902796386781458,1,-1.4292914806187955,1352
58,1.9667255402558919,-0.4392283633935956,-0.3605852582614723,0,-0.6991298046960392,333
41,-1.5943054115727082,1.2241295456376557,1.1681994684633248,1,-0.6991298046960392,1155
270,1.199478462127303,-0.6505585095286606,-0.8985386405339835,0,-1.4292914806187955,136
50,-0.11422571256453985,0.3358607346826655,0.29205830745443756,0,0.03103187122671713,654
209,-1.9197774861236951,1.6783212897731887,1.6324414996203709,0,-0.6991298046960392,732
317,-0.9779876842872008,0.1392101008599337,0.06072641173456562,0,-0.6991298046960392,136
316,-0.620765378470638,1.1093562564237167,1.0910725006250257,0,-0.6991298046960392,1142
331,1.6082690225218423,-0.193459347713597,-0.2848917058411602,0,-0.6991298046960392,474
123,1.7233923447779105,-1.9037742195932525,-2.042649646932244,0,0.03103187122671713,0
222,0.008797231286712944,0.7289432796164316,0.726303317096533,1,0.7611935471494735,1549
62,0.13712999731815223,-1.5827712254305084,-1.4866441862580442,0,-0.6991298046960392,0
302,-0.8037366138588632,0.24582869823937617,0.223159554038034,0,-1.4292914806187955,295
130,0.5300040400229971,-0.2681672139179563,-0.3605852582614723,1,0.7611935471494735,868
187,0.5588319585596188,-1.2067956459987805,-1.4068805657995176,0,-0.6991298046960392,0
23,-0.89171885326387,0.33423712482213963,0.4255499252226691,0,1.4913552230722298,411
43,-0.1366964065249092,0.7470965812912082,0.6935981930700812,0,-1.4292914806187955,976
0,1.309329904594067,-0.37488920525719105,-0.34529072234813835,0,-0.6991298046960392,333
201,-1.0752593717382077,1.118251690190651,1.1250253479917285,0,2.2215168989949863,1048
339,-1.9007333931696788,1.9900132878479981,1.8952282143171277,0,-1.4292914806187955,1107
98,-0.11154262203916375,-0.7191088353793047,-0.6846920137144604,1,-0.6991298046960392,375
387,1.1293170766425165,-1.8511439069311604,-1.915197035593432,0,0.03103187122671713,0
178,0.25893518702756013,-0.0017142306815698522,-0.10364915360289186,0,-0.6991298046960392,453
256,0.39448434495655293,-1.5014664992761735,-1.7942398548153573,0,-0.6991298046960392,0
94,-0.1783715123905887,-0.6561151117091975,-0.6505841090309628,0,0.03103187122671713,0
369,-1.0365152324884643,1.3407394851645984,1.4477002663393337,0,0.03103187122671713,1208
95,1.4070104500872878,-2.3732849613773404,-1.9993924375555228,0,1.4913552230722298,0
351,-0.8418315955112546,0.318367091952048,0.27964195491562516,0,-1.4292914806187955,302
169,0.3133647483714798,0.7187388390852728,0.7694187059650678,0,0.7611935471494735,1099
69,-0.5491877623743445,0.9453769653441564,1.007206419722025,0,0.7611935471494735,1084
305,0.4862996068209939,-1.3880078968159033,-1.4294166033306883,0,-0.6991298046960392,0
48,-0.40274744924148786,-1.1573020131869405,-1.0120136403324744,0,2.2215168989949863,0
207,1.8807031083963197,-0.0017142306815698522,0.17852028825912172,1,1.4913552230722298,1216
279,-0.6748792645692806,-0.6627974570236926,-0.6252695338826892,1,0.03103187122671713,269
227,-0.9500994583734894,0.5065578747429429,0.6104002376191736,0,0.03103187122671713,482
148,1.2754292956097986,-1.0469657694085117,-1.1405678321103443,0,-0.6991298046960392,0
143,0.8404094412364143,0.21738690501794522,0.35949807065391776,0,0.03103187122671713,710
180,1.9166117249886279,-0.38602407105505726,-0.26255518152621266,0,1.4913552230722298,423
131,1.9007231689230195,-1.667161830804925,-1.4635983123527945,0,1.4913552230722298,0
357,-0.23756301446016703,-0.9715831717262435,-1.1814014165227686,0,-1.4292914806187955,0
398,-0.16766662873857338,-0.9803394093783869,-1.1405678321103443,0,-1.4292914806187955,0
262,1.9248820775470463,-0.15888317786665393,-0.2477566236875266,0,-1.4292914806187955,465
324,0.12021808256257342,-0.7765798864294311,-0.8435156447473269,1,-0.6991298046960392,415
203,-0.9731929599063646,0.9333232644766247,0.9771136604446718,1,1.4913552230722298,1411
84,-0.37154073699245677,-0.7517211390299,-0.762976838710818,0,0.7611935471494735,0
121,-1.891646924037722,1.3807402801648658,1.4477002663393337,0,-0.6991298046960392,454
345,0.17044469370120138,-1.7153089512903512,-1.7681662470781214,0,-0.6991298046960392,0
366,-0.830081444421225,1.2915291300190876,1.2900271123875886,0,0.03103187122671713,1264
91,-0.5211327054871061,0.6676631035668175,0.7533153342623251,0,0.03103187122671713,812
82,0.5380903558233358,0.017070635272013905,0.08729012060639764,0,0.03103187122671713,503
267,0.18943274298640944,0.5902676287554783,0.6272077550745455,0,0.03103187122671713,942
119,0.5830904149649629,-1.8033918573060863,-1.7681662470781214,0,0.03103187122671713,0
291,0.510495037317809,-0.34522857394258544,-0.3149372730864235,0,0.7611935471494735,309
57,-1.1147073447756664,0.16788657645272342,0.23579850735634328,0,0.7611935471494735,133
321,0.4470665342697764,-0.6444587949008629,-0.7279142101849518,0,-0.6991298046960392,81
257,1.2254191493666726,-1.0004643627189818,-1.2020569218178285,0,-1.4292914806187955,0
355,-2.1050172399377605,2.422387328886394,2.3545683027439104,0,-0.6991298046960392,1405
42,-0.3912774285231365,0.1610606401294412,0.13323793441726114,0,-0.6991298046960392,385
105,1.689270879017144,-0.5972150151605279,-0.5343229232783602,0,-0.6991298046960392,210
368,-1.3048657954634115,0.5621977975395873,0.6660966245099741,0,0.03103187122671713,345
273,1.1065772819382484,0.13663007747857828,0.1462426528272978,1,2.2215168989949863,1255
353,-0.31640822829875287,0.14092901450657155,0.074036673227498,0,-0.6991298046960392,425
38,1.7254053577029564,-0.23034809358279404,-0.21837753998368226,0,0.7611935471494735,531
53,1.152742116541156,0.4488644712577124,0.5135019637099241,0,0.7611935471494735,957
347,-1.9772432017019008,2.114459985266547,2.0744262556073,0,-0.6991298046960392,1192
128,-1.6875108934943295,1.4477830458737107,1.495860026471573,1,-0.6991298046960392,1259
290,0.36867749426415963,-0.5684826999785813,-0.4619910952124117,0,1.4913552230722298,159
28,-2.1389628494570307,2.764754259671055,2.7407636468478267,0,-0.6991298046960392,1809
183,-1.1873875086775245,-0.1396285706343662,0.027198367435378568,0,0.03103187122671713,0
163,1.458993805677657,-1.1054776085149662,-1.0313954606448164,0,1.4913552230722298,0
151,-0.09413909780368787,0.18997604099173526,0.1462426528272978,0,0.03103187122671713,534
244,0.6147429156738226,-1.4914093444582281,-1.64181910656451,0,0.7611935471494735,0
202,0.7275348478705376,-1.7698180601356963,-1.6665740127359598,0,-0.6991298046960392,0
31,0.2256008198155821,-0.8531347345824402,-0.964157056439182,0,1.4913552230722298,0
32,-1.7827270278943876,1.2811103437951912,1.2854182323450096,0,-0.6991298046960392,526
127,-0.7438581114294803,-0.47505918651298007,-0.5343229232783602,0,0.03103187122671713,0
185,0.15005238416438746,0.021081965796238753,-0.10364915360289186,0,-1.4292914806187955,450
372,0.8282094173525638,-0.2872517250688955,-0.26998208875967866,1,-0.6991298046960392,840
288,1.1106476750634557,0.37259530849260863,0.35949807065391776,0,0.03103187122671713,863
362,0.3809814922437675,0.30242417887862705,0.3290198300979627,0,0.03103187122671713,710
147,0.5257469546846467,-1.7238683219238053,-1.6051446150949864,0,0.03103187122671713,0
285,0.8977421707666602,-1.619243013393012,-1.5333756599653556,0,-0.6991298046960392,0
370,-0.0837644883553544,0.702646718199585,0.8066960452405516,0,0.7611935471494735,992
177,0.6277324548801326,-0.19870259747075042,-0.2774275601255277,0,-0.6991298046960392,384
99,-1.2321340862824406,1.4834683291231707,1.4827889683171358,0,1.4913552230722298,1311
338,-0.29930224648912107,0.38422142069466747,0.29824837526513104,0,-1.4292914806187955,606
335,0.4957425555072719,-0.47610425971623893,-0.44615934098581045,0,-0.6991298046960392,194
197,-0.5817546745608695,-0.19298312321876165,-0.1892836036123705,0,-0.6991298046960392,69
243,-0.765972323518338,0.8752865560443739,0.7747693861598554,0,-1.4292914806187955,856
115,-0.26725237487347836,0.18870556260427263,0.2483871797113964,0,1.4913552230722298,510
265,-0.282743523658422,0.2661779730695525,0.3105925705033581,0,0.03103187122671713,549
72,0.5881629045032823,0.22870834798780754,0.15919358753161503,0,-1.4292914806187955,663
333,0.7296223021745056,-0.47976493434652023,-0.5180921454007984,0,-0.6991298046960392,182
25,1.4062595518703165,-0.032359267521334834,-0.03408613663320728,0,1.4913552230722298,671
165,0.42813013158173086,0.058727032610144725,0.23579850735634328,0,0.7611935471494735,570
337,1.6324066854981667,-2.3732849613773404,-2.013722716813948,0,0.03103187122671713,0
384,0.8029872710900774,-1.4282163724919628,-1.2650144818816864,0,0.03103187122671713,0
174,-1.6739223338683247,2.094824952400015,2.059498776658761,0,0.03103187122671713,1573
386,0.8729391676141018,-0.3362370341554683,-0.3149372730864235,0,0.7611935471494735,371
39,1.4627595390388517,-0.44905169545537443,-0.4939157076813582,0,0.7611935471494735,344
193,-1.7490853686409646,1.9387302110645712,1.9839751847102882,0,2.951678574917743,1426
314,-1.6130226748608463,1.7115795006784158,1.6906328398829757,0,-0.6991298046960392,1140
88,1.2330605399012529,-0.039612096624438736,0.13974704962559356,0,0.7611935471494735,579
70,0.4589404583269562,-0.20395463834613928,-0.08960904589546306,0,0.7611935471494735,357
87,1.7337957612324668,-1.1445794970031764,-1.2438603260456031,0,0.7611935471494735,0
292,-0.6038772500915549,0.300374899148975,0.3167468073491507,0,-0.6991298046960392,481
242,0.7368371954324523,-1.9674517823870463,-1.8877843255889188,1,0.03103187122671713,16
277,-0.305009186111124,0.26079093472207104,0.1462426528272978,0,-0.6991298046960392,531
211,0.19306997860618624,0.38662202671574575,0.4196007975382145,0,0.03103187122671713,799
9,-1.025476997100326,0.9453769653441564,0.9365754768242174,1,0.03103187122671713,1350
359,1.643961576955665,0.033974079728838445,0.08729012060639764,0,0.03103187122671713,611
195,0.5240214357493971,0.4164923703601784,0.4255499252226691,0,-0.6991298046960392,802
251,0.2504252574928158,-0.5863389256671753,-0.4699393987549986,0,1.4913552230722298,132
323,-2.1168358562330756,2.877534986753998,2.84334723445695,0,0.7611935471494735,1999
192,0.24860143200660154,-0.21400581581949643,-0.3149372730864235,0,0.7611935471494735,336
117,-1.336555910722471,1.665928202493351,1.5647892033664539,0,-1.4292914806187955,1341
47,-0.40662908647457524,0.01617856080609822,-0.07563338026861718,1,-0.6991298046960392,797
172,-1.1159373665597856,0.13275631532164336,0.08729012060639764,0,0.7611935471494735,108
